"RecordID","PengalamanCoding","ToolFavorit","PaketID"
315907,"Menengah","SQL","ADK3-0A7E8D49"
601336,"Menengah","Python","ADK3-0A7E8D49"
308190,"Pemula","R","ADK3-0A7E8D49"
171210,"Pemula","R","ADK3-0A7E8D49"
143001,"Pemula","Python","ADK3-0A7E8D49"
858328,"Pemula","R","ADK3-0A7E8D49"
133867,"Menengah","Python","ADK3-0A7E8D49"
424440,"Pemula","Python","ADK3-0A7E8D49"
968233,"Lanjut","SQL","ADK3-0A7E8D49"
434120,"Menengah","Python","ADK3-0A7E8D49"
536410,"Menengah","Python","ADK3-0A7E8D49"
591335,"Menengah","Python","ADK3-0A7E8D49"
552995,"Pemula","SQL","ADK3-0A7E8D49"
446078,"Lanjut","Python","ADK3-0A7E8D49"
635652,"Lanjut","R","ADK3-0A7E8D49"
927890,"Lanjut","R","ADK3-0A7E8D49"
428618,"Lanjut","SQL","ADK3-0A7E8D49"
365252,"Menengah","Python","ADK3-0A7E8D49"
695264,"Menengah","R","ADK3-0A7E8D49"
447532,"Lanjut","Python","ADK3-0A7E8D49"
783615,"Lanjut","R","ADK3-0A7E8D49"
998900,"Lanjut","SQL","ADK3-0A7E8D49"
235903,"Menengah","R","ADK3-0A7E8D49"
285484,"Lanjut","Python","ADK3-0A7E8D49"
989444,"Pemula","R","ADK3-0A7E8D49"
650364,"Lanjut","Python","ADK3-0A7E8D49"
451017,"Pemula","SQL","ADK3-0A7E8D49"
127758,"Pemula","R","ADK3-0A7E8D49"
734012,"Menengah","SQL","ADK3-0A7E8D49"
233626,"Pemula","SQL","ADK3-0A7E8D49"
791652,"Lanjut","Python","ADK3-0A7E8D49"
855241,"Menengah","R","ADK3-0A7E8D49"
636929,"Menengah","R","ADK3-0A7E8D49"
157183,"Pemula","Python","ADK3-0A7E8D49"
686015,"Pemula","R","ADK3-0A7E8D49"
598793,"Pemula","Python","ADK3-0A7E8D49"
387456,"Pemula","SQL","ADK3-0A7E8D49"
590866,"Menengah","Python","ADK3-0A7E8D49"
727000,"Lanjut","Python","ADK3-0A7E8D49"
953913,"Menengah","Python","ADK3-0A7E8D49"
263312,"Menengah","SQL","ADK3-0A7E8D49"
517429,"Pemula","R","ADK3-0A7E8D49"
100610,"Pemula","R","ADK3-0A7E8D49"
457648,"Pemula","SQL","ADK3-0A7E8D49"
866630,"Pemula","Python","ADK3-0A7E8D49"
289161,"Menengah","SQL","ADK3-0A7E8D49"
828619,"Lanjut","Python","ADK3-0A7E8D49"
863720,"Pemula","R","ADK3-0A7E8D49"
724073,"Menengah","Python","ADK3-0A7E8D49"
193848,"Menengah","R","ADK3-0A7E8D49"
437807,"Lanjut","Python","ADK3-0A7E8D49"
331617,"Pemula","R","ADK3-0A7E8D49"
925742,"Pemula","Python","ADK3-0A7E8D49"
892191,"Lanjut","SQL","ADK3-0A7E8D49"
319426,"Pemula","SQL","ADK3-0A7E8D49"
408562,"Menengah","SQL","ADK3-0A7E8D49"
473823,"Menengah","SQL","ADK3-0A7E8D49"
666798,"Pemula","Python","ADK3-0A7E8D49"
440547,"Menengah","Python","ADK3-0A7E8D49"
579471,"Pemula","R","ADK3-0A7E8D49"
722438,"Pemula","Python","ADK3-0A7E8D49"
623225,"Lanjut","Python","ADK3-0A7E8D49"
377331,"Menengah","Python","ADK3-0A7E8D49"
219492,"Pemula","R","ADK3-0A7E8D49"
814996,"Menengah","Python","ADK3-0A7E8D49"
336560,"Lanjut","Python","ADK3-0A7E8D49"
417415,"Menengah","Python","ADK3-0A7E8D49"
864758,"Menengah","SQL","ADK3-0A7E8D49"
315095,"Menengah","R","ADK3-0A7E8D49"
647786,"Pemula","Python","ADK3-0A7E8D49"
142925,"Pemula","SQL","ADK3-0A7E8D49"
289569,"Pemula","R","ADK3-0A7E8D49"
574860,"Lanjut","Python","ADK3-0A7E8D49"
664693,"Lanjut","R","ADK3-0A7E8D49"
447975,"Pemula","R","ADK3-0A7E8D49"
743308,"Lanjut","Python","ADK3-0A7E8D49"
745907,"Menengah","Python","ADK3-0A7E8D49"
441949,"Menengah","Python","ADK3-0A7E8D49"
556598,"Lanjut","Python","ADK3-0A7E8D49"
341156,"Lanjut","Python","ADK3-0A7E8D49"
683095,"Pemula","R","ADK3-0A7E8D49"
883366,"Lanjut","Python","ADK3-0A7E8D49"
744919,"Menengah","R","ADK3-0A7E8D49"
614577,"Pemula","R","ADK3-0A7E8D49"
690790,"Menengah","Python","ADK3-0A7E8D49"
556534,"Lanjut","Python","ADK3-0A7E8D49"
830514,"Menengah","R","ADK3-0A7E8D49"
709321,"Menengah","Python","ADK3-0A7E8D49"
461364,"Lanjut","R","ADK3-0A7E8D49"
584165,"Lanjut","Python","ADK3-0A7E8D49"
364499,"Lanjut","Python","ADK3-0A7E8D49"
660855,"Pemula","Python","ADK3-0A7E8D49"
877856,"Menengah","R","ADK3-0A7E8D49"
641628,"Menengah","Python","ADK3-0A7E8D49"
871015,"Pemula","Python","ADK3-0A7E8D49"
454727,"Lanjut","Python","ADK3-0A7E8D49"
210423,"Pemula","Python","ADK3-0A7E8D49"
703775,"Pemula","R","ADK3-0A7E8D49"
387007,"Pemula","Python","ADK3-0A7E8D49"
828439,"Pemula","R","ADK3-0A7E8D49"
985899,"Pemula","SQL","ADK3-0A7E8D49"
163953,"Lanjut","Python","ADK3-0A7E8D49"
802678,"Menengah","R","ADK3-0A7E8D49"
582908,"Menengah","Python","ADK3-0A7E8D49"
695634,"Lanjut","Python","ADK3-0A7E8D49"
947810,"Pemula","SQL","ADK3-0A7E8D49"
503291,"Pemula","Python","ADK3-0A7E8D49"
950115,"Menengah","Python","ADK3-0A7E8D49"
885394,"Menengah","R","ADK3-0A7E8D49"
392050,"Lanjut","Python","ADK3-0A7E8D49"
612818,"Pemula","R","ADK3-0A7E8D49"
659150,"Lanjut","Python","ADK3-0A7E8D49"
578805,"Pemula","Python","ADK3-0A7E8D49"
752494,"Pemula","SQL","ADK3-0A7E8D49"
935545,"Menengah","Python","ADK3-0A7E8D49"
257906,"Pemula","SQL","ADK3-0A7E8D49"
377167,"Menengah","R","ADK3-0A7E8D49"
145134,"Menengah","Python","ADK3-0A7E8D49"
702213,"Menengah","R","ADK3-0A7E8D49"
739839,"Menengah","SQL","ADK3-0A7E8D49"
945448,"Menengah","SQL","ADK3-0A7E8D49"
692416,"Lanjut","Python","ADK3-0A7E8D49"
574505,"Lanjut","Python","ADK3-0A7E8D49"
210131,"Menengah","Python","ADK3-0A7E8D49"
479512,"Menengah","Python","ADK3-0A7E8D49"
455452,"Menengah","Python","ADK3-0A7E8D49"
998409,"Lanjut","SQL","ADK3-0A7E8D49"
769658,"Menengah","Python","ADK3-0A7E8D49"
197289,"Menengah","SQL","ADK3-0A7E8D49"
111923,"Lanjut","Python","ADK3-0A7E8D49"
208522,"Pemula","Python","ADK3-0A7E8D49"
990091,"Lanjut","Python","ADK3-0A7E8D49"
617486,"Menengah","Python","ADK3-0A7E8D49"
426553,"Pemula","SQL","ADK3-0A7E8D49"
713294,"Pemula","R","ADK3-0A7E8D49"
656334,"Menengah","Python","ADK3-0A7E8D49"
328499,"Pemula","SQL","ADK3-0A7E8D49"
507802,"Lanjut","Python","ADK3-0A7E8D49"
360065,"Lanjut","Python","ADK3-0A7E8D49"
496816,"Lanjut","SQL","ADK3-0A7E8D49"
160047,"Menengah","Python","ADK3-0A7E8D49"
783376,"Menengah","Python","ADK3-0A7E8D49"
505099,"Menengah","SQL","ADK3-0A7E8D49"
733267,"Lanjut","Python","ADK3-0A7E8D49"
434506,"Pemula","Python","ADK3-0A7E8D49"
696068,"Menengah","SQL","ADK3-0A7E8D49"
201331,"Pemula","R","ADK3-0A7E8D49"
358780,"Pemula","Python","ADK3-0A7E8D49"
570579,"Menengah","Python","ADK3-0A7E8D49"
609639,"Pemula","SQL","ADK3-0A7E8D49"
474973,"Pemula","R","ADK3-0A7E8D49"
776429,"Lanjut","SQL","ADK3-0A7E8D49"
562232,"Menengah","Python","ADK3-0A7E8D49"
465367,"Lanjut","Python","ADK3-0A7E8D49"
176495,"Pemula","Python","ADK3-0A7E8D49"
